va1,va2,gammaa3,gammaa4,gammaa5,gammaa6,p1,p2,luxR,lasR,alpha1,alpha2,k1,k2,n,theta,beta
7.61929626027973,13.000916513000243,138.49710594781246,17.636025655943858,57.190260365796426,74.83859276457724,81653247.34854107,44614356.8218298,0.0009220185138164,0.0005712522484015,324.7333630649779,31.69331593595531,49.56107353856207,28.29975644143853,2.8950314742264096,1.0216966335347333e-05,4.4186709094118486e-06
9.00099521403456,13.000916513000243,138.49710594781246,17.636025655943858,57.190260365796426,74.83859276457724,81653247.34854107,44424887.33477857,0.0009150736770445,0.0005712522484015,323.761133260604,47.85794433322644,49.56107353856207,31.425838248930017,2.8950314742264096,1.0216966335347333e-05,4.420195889557354e-06
9.00099521403456,13.000916513000243,138.49710594781246,16.562012218117953,57.875642840715656,74.49197302004487,81653247.34854107,44424887.33477857,0.0009250881590006,0.0005726550166819,324.9338245979793,40.77214351902546,49.10861833885648,30.580638657435323,2.8950314742264096,1.0216966335347333e-05,4.420195889557354e-06
2.905286122760061,0.7837459816103609,138.68812170825322,6.129681521625786,19.28982675709702,29.15618149750352,79115716.79641107,78168046.50852521,0.0009223363951623,0.0006043407406846,337.07645196642187,42.66756625180457,58.78474082599856,1.2858639947416568,1.8503148573550152,1.873600243560612e-05,6.103945436484389e-06
3.277065478440892,0.1644934839831009,138.24128612288789,0.7680870828203918,19.085997069651853,116.56388971405028,80616186.09307626,48585466.54456979,0.0009711589304607,0.0006035091882718,324.9473555900522,42.58053873160621,54.93730761699173,24.77673717151783,2.8909134627532262,6.822906107272384e-06,4.414195848004174e-06
7.784129283621717,13.020214467856182,138.79811707031826,6.027724028628622,62.162688161295655,74.19934849883016,79959774.63949008,46931795.8627457,0.0009158615727453,0.0005702807642737,324.77886254384657,33.60733364998426,55.03840204584762,31.314974509272364,2.445663383615706,1.01792932833854e-05,9.901013117934387e-06
7.741763174392843,12.71972306358404,138.79379670072714,23.790311751535597,62.09219069832183,74.1976311699769,82287965.16178611,44622269.362376265,0.0009357159187373,0.000568922636823,336.3959786158718,33.40663443368577,48.92188404997381,27.92233489201827,2.296922694762507,1.345946312101777e-05,1.003423538893862e-05
